trophy_level,final_score,accuracy,speed
2,68.71428571428571,5.714285714285714,99.28571428571429
1,66.0,0.0,100.0
3,29.8,4.6,87.2
