quiz,final_score,accuracy,speed,total_questions
3,110.0,9.0,100.0,41.0
5,78.66666666666667,6.666666666666667,98.66666666666667,100.0
2,76.0,0.0,95.0,20.0
8,51.333333333333336,4.333333333333333,92.66666666666667,23.0
0,50.5,3.5,93.0,22.0
7,35.0,4.0,100.0,55.0
6,24.0,3.0,86.0,89.0
4,21.0,6.0,90.0,100.0
1,5.0,1.0,100.0,59.0
